<?xml version="1.0"?>
<object name="portal_skins" meta_type="Plone Skins Tool">
 <object name="anz_dashboard" meta_type="Filesystem Directory View"
  directory="anz.dashboard:skins/anz_dashboard"/>
 <object name="anz_dashboard_resources" meta_type="Filesystem Directory View"
  directory="anz.dashboard:skins/anz_dashboard_resources"/>
  <skin-path name="*">
    <layer name="anz_dashboard" insert-after="custom"/>
  </skin-path>
  <skin-path name="*">
    <layer name="anz_dashboard_resources" insert-after="custom"/>
  </skin-path>
</object>
